{
  "y": [
    [0, 0, 0, 0, 0, 0],
    [0, 0, 0, 0, 0, 0],
    [0, 0, 0, 0, 0, 0],
    [0, 0, 0, 0, 0, 0],
    [0, 0, 0, 0, 0, 0],
    [0, 0, 0, 0, 0, 0],
    [1, 0, 0, 0, 1, 1],
    [1, 0, 1, 0, 0, 1],
    [0, 1, 1, 1, 1, 1],
    [1, 0, 0, 0, 0, 0],
    [0, 0, 0, 0, 0, 0],
    [0, 0, 0, 0, 0, 0],
    [0, 0, 0, 0, 0, 0],
    [1, 1, 1, 1, 1, 0],
    [0, 0, 0, 0, 1, 0],
    [1, 0, 0, 0, 0, 0],
    [0, 0, 0, 0, 0, 0],
    [0, 0, 0, 0, 0, 0],
    [0, 0, 0, 0, 0, 0],
    [0, 0, 0, 0, 0, 0],
    [0, 0, 0, 0, 0, 0],
    [0, 0, 0, 0, 0, 0],
    [1, 0, 0, 0, 0, 0],
    [1, 1, 0, 0, 0, 0],
    [0, 0, 0, 0, 0, 0],
    [0, 0, 0, 0, 0, 0],
    [1, 0, 0, 0, 0, 0]
  ],
  "edge": [1, 1, 1, 0, 0, 0, 0, 0, 0, 0, 1, 1, 1, 0, 1, 0, 1, 0, 1, 0, 1, 1, 1, 0, 0, 0, 1],
  "HOURS": [
    [-0.50118815307147, -0.50118815307147, 0.689133710473272, -1.82376800145452, 0.623004718054119, 0],
    [-0.50118815307147, -0.50118815307147, 0.755262702892424, -1.82376800145452, 0.623004718054119, 0],
    [-0.50118815307147, -0.50118815307147, 0.821391695311576, -1.82376800145452, 0.623004718054119, 0],
    [-0.368930168233166, 0, 0, 0, 0, 0],
    [-1.55925203177791, 0, 0, 0, 0, 0],
    [-2.08828397113113, 0, 0, 0, 0, 0],
    [-0.104414198556556, -0.104414198556556, 0.424617740796662, 0.953649680149881, 0.953649680149881, -0.831833115167232],
    [0.0939727787009007, 0.0939727787009007, 0.292359755958358, 1.08590766498819, 1.08590766498819, -0.699575130328927],
    [0.292359755958358, 0.292359755958358, 0.0278437862817484, 1.15203665740734, 1.15203665740734, -0.50118815307147],
    [-0.897962107586384, 0, 0, 0, 0, 0],
    [0.689133710473272, 0, 0, 0, 0, 0],
    [-1.09634908484384, 0.887520687730729, 0, 0, 0, 0],
    [-1.16247807726299, 0.821391695311576, 0, 0, 0, 0],
    [-0.236672183394861, -0.236672183394861, 0.821391695311576, 0.887520687730729, -1.2947360621013, 0],
    [1.08590766498819, 0.424617740796662, 0.490746733215815, 1.4826816195031, -2.08828397113113, 0.490746733215815],
    [0.821391695311576, 0, 0, 0, 0, 0],
    [-1.2947360621013, 0, 0, 0, 0, 0],
    [0.689133710473272, 0.689133710473272, 0, 0, 0, 0],
    [0.490746733215815, 0.887520687730729, 0, 0, 0, 0],
    [0.160101771120053, -0.302801175814013, 0, 0, 0, 0],
    [0.424617740796662, -0.104414198556556, 1.21816564982649, 0, 0, 0],
    [-0.302801175814013, 0, 0, 0, 0, 0],
    [-0.104414198556556, 0, 0, 0, 0, 0],
    [-0.50118815307147, 1.4826816195031, 0, 0, 0, 0],
    [-1.82376800145452, 0, 0, 0, 0, 0],
    [-1.95602598629282, 0, 0, 0, 0, 0],
    [-0.897962107586384, 1.87945557401801, 0.424617740796662, 1.6149396043414, -2.22054195596943, 0.35848874837751]
  ],
  "DATES": [
    [-1.23483737770059, -0.500833483916552, 0.967174303651524, 1.28174740098754, 1.70117819743556, 0],
    [-1.23483737770059, -0.500833483916552, 0.967174303651524, 1.28174740098754, 1.70117819743556, 0],
    [-1.23483737770059, -0.500833483916552, 0.967174303651524, 1.28174740098754, 1.70117819743556, 0],
    [-0.920264280364574, 0, 0, 0, 0, 0],
    [-0.920264280364574, 0, 0, 0, 0, 0],
    [-0.920264280364574, 0, 0, 0, 0, 0],
    [-1.23483737770059, -0.500833483916552, -0.291118085692541, -0.186260386580536, 0.967174303651524, 1.28174740098754],
    [-1.23483737770059, -0.500833483916552, -0.291118085692541, -0.186260386580536, 0.967174303651524, 1.28174740098754],
    [-1.23483737770059, -0.500833483916552, -0.291118085692541, -0.186260386580536, 0.967174303651524, 1.28174740098754],
    [1.28174740098754, 0, 0, 0, 0, 0],
    [-0.291118085692541, 0, 0, 0, 0, 0],
    [-0.920264280364574, -0.291118085692541, 0, 0, 0, 0],
    [-0.920264280364574, -0.291118085692541, 0, 0, 0, 0],
    [-1.23483737770059, -0.500833483916552, -0.186260386580536, 0.967174303651524, 1.28174740098754, 0],
    [-1.23483737770059, -0.186260386580536, -0.0814026874685306, 0.967174303651524, 1.28174740098754, 1.70117819743556],
    [1.28174740098754, 0, 0, 0, 0, 0],
    [-0.920264280364574, 0, 0, 0, 0, 0],
    [-1.23483737770059, -0.500833483916552, 0, 0, 0, 0],
    [-1.23483737770059, -0.500833483916552, 0, 0, 0, 0],
    [-0.291118085692541, 1.28174740098754, 0, 0, 0, 0],
    [-0.500833483916552, -0.291118085692541, 0.967174303651524, 0, 0, 0],
    [-1.23483737770059, 0, 0, 0, 0, 0],
    [-1.3396950768126, 0, 0, 0, 0, 0],
    [-1.3396950768126, -0.815406581252568, 0, 0, 0, 0],
    [-0.920264280364574, 0, 0, 0, 0, 0],
    [-0.920264280364574, 0, 0, 0, 0, 0],
    [-0.500833483916552, -0.186260386580536, -0.0814026874685306, 0.967174303651524, 1.28174740098754, 1.70117819743556]
  ],
  "last": [5, 5, 5, 1, 1, 1, 6, 6, 6, 1, 1, 2, 2, 5, 6, 1, 1, 2, 2, 2, 3, 1, 1, 2, 1, 1, 6],
  "R": 27,
  "T": 6
}
