{
  "u": [
    [0.985812460934882, 0.985812460934882],
    [0.807876640817703, 0.807876640817703],
    [-0.280464252822785, -0.280464252822785],
    [-0.782885826748953, -0.782885826748953],
    [-0.870032227406926, -0.870032227406926]
  ],
  "x": [
    [0.558420111475348, 0.558420111475348, 0.558420111475348, 0.558420111475348, 0.558420111475348, 0.558420111475348],
    [-1.01813726328227, -1.01813726328227, -1.01813726328227, -1.01813726328227, -1.01813726328227, -1.01813726328227],
    [-1.31362709732428, -1.31362709732428, -1.31362709732428, -1.31362709732428, -1.31362709732428, -1.31362709732428],
    [1.22512171185207, 1.22512171185207, 1.22512171185207, 1.22512171185207, 1.22512171185207, 1.22512171185207],
    [1.74923267851696, 1.74923267851696, 1.74923267851696, 1.74923267851696, 1.74923267851696, 1.74923267851696],
    [-1.68220390512314, -1.68220390512314, -1.68220390512314, -1.68220390512314, -1.68220390512314, -1.68220390512314],
    [0.499875299657396, 0.499875299657396, 0.499875299657396, 0.499875299657396, 0.499875299657396, 0.499875299657396],
    [1.76336852603772, 1.76336852603772, 1.76336852603772, 1.76336852603772, 1.76336852603772, 1.76336852603772],
    [0.93467096378409, 0.93467096378409, 0.93467096378409, 0.93467096378409, 0.93467096378409, 0.93467096378409],
    [-0.74238155986566, -0.74238155986566, -0.74238155986566, -0.74238155986566, -0.74238155986566, -0.74238155986566],
    [-0.829738287896899, -0.829738287896899, -0.829738287896899, -0.829738287896899, -0.829738287896899, -0.829738287896899],
    [0.686668452178426, 0.686668452178426, 0.686668452178426, 0.686668452178426, 0.686668452178426, 0.686668452178426],
    [0.606992448335819, 0.606992448335819, 0.606992448335819, 0.606992448335819, 0.606992448335819, 0.606992448335819],
    [-2.54701525574962, -2.54701525574962, -2.54701525574962, -2.54701525574962, -2.54701525574962, -2.54701525574962],
    [-1.02486284470357, -1.02486284470357, -1.02486284470357, -1.02486284470357, -1.02486284470357, -1.02486284470357],
    [-0.210875157521179, -0.210875157521179, -0.210875157521179, -0.210875157521179, -0.210875157521179, -0.210875157521179],
    [0.0288507221270758, 0.0288507221270758, 0.0288507221270758, 0.0288507221270758, 0.0288507221270758, 0.0288507221270758],
    [1.71834983440094, 1.71834983440094, 1.71834983440094, 1.71834983440094, 1.71834983440094, 1.71834983440094],
    [-1.5427493275958, -1.5427493275958, -1.5427493275958, -1.5427493275958, -1.5427493275958, -1.5427493275958],
    [-0.770923552875937, -0.770923552875937, -0.770923552875937, -0.770923552875937, -0.770923552875937, -0.770923552875937]
  ],
  "jj": [1, 1, 3, 2, 1, 2, 3, 2, 1, 3, 1, 1, 3, 2, 1, 2, 3, 2, 1, 3],
  "y": [-0.384138952572679, 0.120232656545095, 1.62177377744494, 2.35466252584579, -1.53041109594001, 0.15820528979944, 1.16278254818631, -0.368579998690894, -0.378987571479409, -0.644250330152138, -0.800392900108889, -0.156601164988195, -0.512275962336841, -1.54215211044716, -0.961063922014403, 0.475411461671135, -0.00579817063918767, 0.810535951626287, 0.221386903169937, 0.76457637228876],
  "J": 5,
  "K": 6,
  "L": 2,
  "N": 20
}
