{
  "dt": 0.1,
  "x1_sim": [
    [-2, -1.99403974375453, -1.98385278396281, -1.968133789286, -1.95336295566396, -1.93651123075048, -1.93043583569192, -1.91118226217371, -1.90175623911432, -1.87872884707682, -1.86858090353399, -1.84619566563349, -1.82876579190271, -1.81773441438948, -1.79791481683569, -1.77387106843873, -1.76124575314311, -1.74442097864357, -1.73047203819049, -1.71624318258521, -1.70410177783382, -1.68632352615691, -1.66863018454327, -1.64304627684262, -1.6266702539221, -1.607787738026, -1.58871230580994, -1.57629686547954, -1.55829429349462, -1.53425379284595, -1.51926514787601, -1.49633720334771, -1.46908273688359, -1.45075109343168, -1.42215363234463, -1.39209728063566, -1.37077323003591, -1.34193735564313, -1.31936677204928, -1.29331814247636, -1.25487063437855, -1.22286400233023, -1.19198916318073, -1.15022946231164, -1.10501155055625, -1.05398017267367, -1.00231784983593, -0.938578832023294, -0.877739058616958, -0.794644455263285, -0.71391472160948, -0.617418959887451, -0.518989714106612, -0.403432970451883, -0.278599400529108, -0.134241567860737, 0.00548876041387777, 0.146590593416578, 0.277178237385073, 0.396375619324339, 0.488901677041603, 0.555353505284923, 0.591737293841716, 0.612758467819773, 0.627975097376471, 0.621649464335836, 0.622232867849397, 0.608524308093958, 0.598250695507491, 0.583672002157802, 0.568957085002738, 0.557342708253767, 0.54007865313677, 0.530839987975319, 0.515781869458581, 0.497854681679672, 0.477890432078712, 0.453828626314496, 0.439456407227597, 0.416969874001162, 0.396421045582456, 0.3793787106586, 0.363698529443522, 0.344870646893341, 0.32567289452377, 0.308481500079714, 0.281802299500571, 0.266554425681168, 0.247033218884425, 0.231383359643744, 0.206251396687809, 0.190838895646771, 0.160690620428636, 0.141066903980302, 0.116222596164376, 0.0850786444260718, 0.0559409610257334, 0.0229946158888299, -0.00687283213464447, -0.0444946655547468, -0.0851290237068501, -0.121380969922082, -0.159632251395559, -0.207771374516521, -0.261395268643329, -0.325504635493121, -0.396879700462814, -0.466554402299934, -0.545211865531603, -0.637881861471576, -0.746102072353823, -0.850804094431253, -0.980920366907999, -1.11411169744978, -1.26310259904548, -1.42037315967405, -1.57691943357016, -1.71109129298294, -1.8273164890397, -1.91091951138518, -1.96145439265576, -1.99168636113889, -1.99642532114622, -1.99827371089418, -1.9980871551163, -1.99631472683548, -1.97648103967875, -1.96123998603998, -1.94787407385632, -1.93587809742758, -1.92748123622646, -1.9153899717728, -1.90465027810015, -1.87975045402303, -1.8610453840876, -1.83892879269421, -1.8258479344103, -1.81134166871137, -1.79040472652702, -1.77985536973216, -1.77706939585453, -1.76514084260037, -1.74745424152345, -1.73092008878649, -1.71699571286314, -1.69561047034311, -1.67643602258768, -1.65666708835664, -1.63071575751586, -1.60736123923692, -1.59892770508948, -1.5812137042085, -1.55495690539605, -1.52959704111524, -1.51856861550366, -1.49432209770563, -1.47321533253936, -1.45247106023187, -1.43563214000891, -1.40369289522845, -1.37276862094306, -1.35344896388498, -1.32429041633928, -1.29284207012828, -1.26142550440691, -1.23209619892587, -1.20085514321654, -1.16589259580408, -1.12487427544714, -1.08249587567833, -1.03690694927192, -0.987326889094845, -0.939403731787076, -0.873396841996961, -0.809770275901661, -0.738525919241554, -0.660617685381607, -0.568823320727053, -0.463667820838478, -0.349905630024889, -0.206858356974068, -0.0646593487557808, 0.0872808762018606, 0.226215983638165, 0.357817519579374, 0.454935381459012, 0.525718353714925, 0.575603068490274, 0.607561744727014, 0.623466806799942, 0.632049514467987, 0.633456938193052, 0.611116217162909, 0.605199446778536, 0.596397668928484, 0.584469675062842, 0.561015010528178, 0.548458141998314, 0.526245894733072, 0.520077818838928],
    [-2, -1.98741337178381, -1.98331303097857, -1.97572608917954, -1.96208907203778, -1.94586426300018, -1.93181784384918, -1.93366887629905, -1.92876741788647, -1.92236202557153, -1.91339498479159, -1.91191708063708, -1.89605871852197, -1.88475956472264, -1.87631350043711, -1.8617736828343, -1.84424375828109, -1.82998132981941, -1.8208559452559, -1.80864389401438, -1.80120269522119, -1.78738224765348, -1.76838854830088, -1.76679616081895, -1.76186424657854, -1.75619998687598, -1.7462058116146, -1.72888274238466, -1.72043423960732, -1.70814250908259, -1.70197617983383, -1.69416021318578, -1.68065498159871, -1.67083739079341, -1.6516374415809, -1.64442910438032, -1.63399021985096, -1.62578457949971, -1.61159529520304, -1.59533008590438, -1.59072493977026, -1.57252057521507, -1.56001906266255, -1.55439278811314, -1.54405326779439, -1.53714034325334, -1.52551732696445, -1.51774125331582, -1.50637857784627, -1.4927480418284, -1.48586719677511, -1.46041788885518, -1.449936597915, -1.43944813756038, -1.4211148083033, -1.39720924080102, -1.37457041560338, -1.36213901209741, -1.34672899177715, -1.32592652852448, -1.3116167340037, -1.29917505491897, -1.28002297331869, -1.24423388377056, -1.22376366348621, -1.19975349750887, -1.16628312917567, -1.14307518785994, -1.10936333315802, -1.07965680794519, -1.04180408399475, -1.00231801681364, -0.973163852019396, -0.935764328358603, -0.875080783601689, -0.822575710563798, -0.762683308018532, -0.700258024646883, -0.630200693183677, -0.544332453933972, -0.45347101495127, -0.356661257912729, -0.251612160835898, -0.146525643228634, -0.0241960269962082, 0.092811133797847, 0.203247744036794, 0.301508884805622, 0.383429216994644, 0.437963445703336, 0.477929511578335, 0.493852311845386, 0.500521751051868, 0.502139576769424, 0.488366876982886, 0.472492099132487, 0.453921963848738, 0.445414164311647, 0.423726916935683, 0.406729904725107, 0.384821107074279, 0.361274889489427, 0.33556413625037, 0.306626188269926, 0.271815934197648, 0.253259105147496, 0.2283087249567, 0.199535440385413, 0.161046110082158, 0.124117828846505, 0.0811190549082355, 0.0515093829663342, 0.00577405974605318, -0.0411800740959353, -0.0882893034702944, -0.140452784949889, -0.203204069410026, -0.269934190268565, -0.348031083850299, -0.436751655088504, -0.539708208570169, -0.649153010866626, -0.775222677953804, -0.919586560342805, -1.0746075946066, -1.25669901704072, -1.44689264733971, -1.63410577448833, -1.80031125766173, -1.94294622197875, -2.02125389634106, -2.06855550257111, -2.08865673658319, -2.09820793552633, -2.10064900873903, -2.09829016356192, -2.0860195082078, -2.07973995605259, -2.06883194010208, -2.05992138090697, -2.05970453806159, -2.04660705581009, -2.04960490827727, -2.03650705181379, -2.02086331923961, -2.00751872848441, -1.99960323856309, -1.9890248883366, -1.96733623002355, -1.95579005229979, -1.94134482516882, -1.93551201001433, -1.92395116742694, -1.91122648522197, -1.90218544121801, -1.89313195587785, -1.88124925082331, -1.8677751553666, -1.86342228308847, -1.85048340147027, -1.83672312020124, -1.82439462339205, -1.8088260724064, -1.79798514894207, -1.78502391540495, -1.78435466341438, -1.77225174726707, -1.7513357561758, -1.74401164262268, -1.7503350881872, -1.74868717037685, -1.73097487791903, -1.73121046443603, -1.71781681823982, -1.69775434432929, -1.68839460340131, -1.67962898065086, -1.6584172330985, -1.64820519490457, -1.62763315802403, -1.61812626670277, -1.60821928943201, -1.59050387176325, -1.57595527062333, -1.56425871499431, -1.54804727638598, -1.5360055842899, -1.52008163082108, -1.49355257366027, -1.47621961764709, -1.45504513351748, -1.44730628351059, -1.43677330393387, -1.42141204827257, -1.40902839792239, -1.3885102638734, -1.37086281492753, -1.34874542389608, -1.33118447795683, -1.30608954236493],
