{
  "d_simplex": [0.342148995139974, 0.657851004860026],
  "d_cfcov_54": [
    [7.87031736484424e+193, 0, 0, 0],
    [8.20355373981325, 5.25181644167532e+170, 0, 0],
    [-10.165784216639, 6.70478810903006, 4.74843581634428e+164, 0],
    [64.6591282605172, -18.2290396142901, 0.251914302303988, 5.49049918982104e+167],
    [-2.3201359577979, 30.3299948058704, 24.1384451293671, 14.0842767427195]
  ],
  "d_1d_simplex": [
    [0.230628158464909, 0.769371841535091],
    [0.647288415656636, 0.352711584343364]
  ],
  "d_1d_row_vec": [
    [-40.3108203980045, -51.034428950472],
    [-21.4110446347726, -23.0610058607418]
  ],
  "d_row_vec": [-35.4191600873315, -30.2984433674024],
  "d_ar_mat": [
    [
      [
        [0.0182145135140396, 0.773366606821417, 0.162405230570554],
        [0.614415895872411, 0.308887857681649, 0.55261633128472]
      ],
      [
        [0.867463537281025, 0.892365549601997, 0.438698190837773],
        [0.620684596093125, 0.63288786265009, 0.251485471794519]
      ],
      [
        [0.785123914094237, 0.82288764087793, 0.0441366237502099],
        [0.0824872331446102, 0.129998196447419, 0.169837750754356]
      ],
      [
        [0.894485421273785, 0.391428245286312, 0.225403705956191],
        [0.101550837513196, 0.226591349252556, 0.313666960662153]
      ],
      [
        [0.70944710180551, 0.541906150059746, 0.770811528515324],
        [0.72882960145227, 0.134052994650739, 0.60238624975754]
      ]
    ],
    [
      [
        [0.23580383516513, 0.922341483268523, 0.0953092139696061],
        [0.747931829062077, 0.61143163569784, 0.828098030518812]
      ],
      [
        [0.490916536195901, 0.442491615167039, 0.138639473134116],
        [0.684458757978813, 0.938097665487941, 0.886310771791806]
      ],
      [
        [0.775273686457035, 0.209070961664506, 0.991324467339591],
        [0.310023731357581, 0.244594518725216, 0.4340995421721]
      ],
      [
        [0.577461098049853, 0.488980191556667, 0.422574872388468],
        [0.0626725940496656, 0.565526219983867, 0.124103758702485]
      ],
      [
        [0.787588782659628, 0.415660882477339, 0.577656677525574],
        [0.915221935842323, 0.68040604621905, 0.649672377876868]
      ]
    ],
    [
      [
        [0.872829356093873, 0.0873295956822918, 0.341765269393645],
        [0.97987173262904, 0.18279439707857, 0.651051091067329]
      ],
      [
        [0.365361500172623, 0.322868073026502, 0.147154418305001],
        [0.776478368659584, 0.325368255899384, 0.340595397941766]
      ],
      [
        [0.105365522612181, 0.808518839332274, 0.453396178404252],
        [0.645022117933388, 0.30421978037884, 0.235822217723338]
      ],
      [
        [0.675040058328182, 0.817733009205583, 0.124785410392032],
        [0.132709972855286, 0.90704026607892, 0.600528480239736]
      ],
      [
        [0.750745349320061, 0.713736123435423, 0.272720593120756],
        [0.102487769466526, 0.816938899795494, 0.680461199582396]
      ]
    ],
    [
      [
        [0.75579494486329, 0.727694093190354, 0.208942597932505],
        [0.15671415884994, 0.0995786844166707, 0.109972008439671]
      ],
      [
        [0.887409321938114, 0.808054414690765, 0.138930130624446],
        [0.429729183563609, 0.360749710174948, 0.255271300164668]
      ],
      [
        [0.255601147186748, 0.0736282672155474, 0.74163452999513],
        [0.864372925466896, 0.055137030063636, 0.917366756686398]
      ],
      [
        [0.735398541297976, 0.39650919524909, 0.244356815004067],
        [0.279271435832206, 0.987564448106938, 0.448849802368035]
      ],
      [
        [0.832370616843884, 0.898241050929066, 0.751851502229081],
        [0.408530236734099, 0.227950023521257, 0.0991070757341378]
      ]
    ]
  ],
  "d_3d_vec": [
    [
      [
        [63.2616732314942, -4.27481949602176],
        [-2.49828365664059, -0.694204603960414],
        [-2.7314070282069, -0.222433012931045],
        [39.5747675799555, 2.06975274883037],
        [-19.1136136650407, 37.567637860804],
        [-23.9004076357391, -5.4455484618925]
      ],
      [
        [64.8410860219802, 7.67890148407698],
        [6.06214309652224, 1.59944244113324],
        [26.5280494726171, 15.2511502204259],
        [-16.2970339051911, -19.2761907015049],
        [-6.50900386079677, -29.9779507803842],
        [4.71961741791105, -16.5833965155817]
      ],
      [
        [-43.7524171522178, 21.4367208066487],
        [-47.1374783985297, -3.55784835113445],
        [-1.71711453266152, 37.3053957128414],
        [-25.3721356967016, -14.0176465154031],
        [2.01123354183703, 37.5562726788481],
        [17.9407843488508, -14.56148733378]
      ]
    ],
    [
      [
        [2.44645848581768, -16.1627321678597],
        [15.6952617843236, 9.4229062282315],
        [38.140104902756, 46.0312157489221],
        [4.28082423590903, 50.1923618843399],
        [7.03342643841724, 9.63609153999978],
        [37.725857493498, -19.9780742900021]
      ],
      [
        [-20.9373459387508, -14.4286711290357],
        [6.70239340253286, -6.97739313037039],
        [11.8828455272955, -12.4571378979399],
        [33.4352209887639, 27.5521958661555],
        [10.226432742643, 24.7450880041857],
        [11.1633564231119, -31.2998426377537]
      ],
      [
        [7.45781065842551, -74.8481367447091],
        [17.1430124368255, -28.7119566648963],
        [31.5415536930207, -34.1007978048767],
        [-52.6163525174604, -45.2314226755384],
        [24.0972343850176, -4.93742650941134],
        [-15.8311396586806, -8.59678472063226]
      ]
    ]
  ],
  "d_int_1d_ar": [2, -2],
  "d_3d_simplex": [
    [
      [
        [0.292555271391302, 0.707444728608698],
        [0.57924694232313, 0.42075305767687],
        [0.463722418282634, 0.536277581717366],
        [0.0195239457255028, 0.980476054274497],
        [0.473577619697836, 0.526422380302164],
        [0.191789887370827, 0.808210112629173]
      ],
      [
        [0.45702334290828, 0.54297665709172],
        [0.442732625616565, 0.557267374383435],
        [0.44322609591, 0.55677390409],
        [0.250474404729419, 0.749525595270581],
        [0.813023700186521, 0.186976299813479],
        [0.492275192407712, 0.507724807592288]
      ],
      [
        [0.754524466134857, 0.245475533865143],
        [0.661507356174314, 0.338492643825686],
        [0.575071383068323, 0.424928616931677],
        [0.874560154754996, 0.125439845245004],
        [0.727296732596816, 0.272703267403184],
        [0.146183098341376, 0.853816901658624]
      ]
    ],
    [
      [
        [0.311983949085356, 0.688016050914644],
        [0.619681446029774, 0.380318553970226],
        [0.242779362209283, 0.757220637790717],
        [0.930773631512054, 0.0692263684879457],
        [0.731077882005295, 0.268922117994705],
        [0.945430077149363, 0.0545699228506366]
      ],
      [
        [0.304633771049632, 0.695366228950368],
        [0.441072011079715, 0.558927988920285],
        [0.608812997391405, 0.391187002608595],
        [0.653457818644379, 0.346542181355621],
        [0.923716954519923, 0.0762830454800771],
        [0.680779460431334, 0.319220539568666]
      ],
      [
        [0.0869938363484224, 0.913006163651578],
        [0.550344004662792, 0.449655995337208],
        [0.812093715900672, 0.187906284099328],
        [0.397247935644915, 0.602752064355085],
        [0.427335533363916, 0.572664466636084],
        [0.754243397312457, 0.245756602687543]
      ]
    ]
  ],
  "J": 1.02155614250367,
  "K": 6,