{
  "k": 0.629324314030086,
  "p0": [0.0657435708094115, 1.1008091291796],
  "q0": [1.0218410272491, 0.221852861032581],
  "star": [-0.819355831481516, 0.251487274188548]
}
