{
  "k": 0.479502688893913,
  "p0": [0.0644054828862939, 1.0152716733275],
  "q0": [0.99289980938191, -0.075281735914227],
  "star": [0.0791218280792236, -0.719792900141329]
}
