{
  "k": 0.0036450451584494,
  "p0": [-0.000944136304790774, 0.890826596485202],
  "q0": [0.925937555956398, 0.251963771138818],
  "star": [0.294114700052887, -0.652964507695287]
}
