{
  "k": 0.285925028947782,
  "p0": [-0.200100958280409, 0.991679376895246],
  "q0": [1.09959231727437, -0.0992328488688583],
  "star": [-0.330824077595025, 0.263577743433416]
}
