{
  "k": 0.3304101488949,
  "p0": [-0.154991237631342, 1.07804455218507],
  "q0": [0.992015804533993, 0.163338071303145],
  "star": [0.818293008953333, -0.887235549278557]
}
