{
  "k": 1.02611141021686,
  "p0": [-0.239103745208238, 0.989591898441088],
  "q0": [1.08467594043345, 0.0898536744284778],
  "star": [0.467495516408235, 0.429509621113539]
}
