{
  "k": 0.165589586479491,
  "p0": [-0.304121049792072, 1.03086804333723],
  "q0": [1.12176550464166, 0.303799401824044],
  "star": [0.806801769416779, 0.731001628097147]
}
