{
  "k": 0.378387381897981,
  "p0": [-0.275373039911433, 0.949519329199322],
  "q0": [0.962893354341738, 0.170394390275689],
  "star": [-0.0841568778268993, 0.4592633289285]
}
