{
  "k": 1.08211487850225,
  "p0": [0.132206734246076, 0.334849281112324],
  "q0": [1.38755610027887, 0.440069711699328],
  "star": [-0.137756977912723, -0.0127861201602554]
}
