{
  "k": 1.07274131019883,
  "p0": [0.0436850753700128, 0.487150328144523],
  "q0": [1.10601262723881, 0.812049850230749],
  "star": [-0.234396104118562, -0.339119991156648]
}
