{
  "k": 1.54820266628847,
  "p0": [0.258343289929824, 1.74808525130219],
  "q0": [0.665857642206295, -0.914827294425543],
  "star": [-0.00787191024229496, 0.0702816880208458]
}
