{
  "k": 0.380266598968834,
  "p0": [-0.880342964952272, 1.27212058669234],
  "q0": [1.32247232401296, 0.378378731218045],
  "star": [-0.438754427571562, 0.439641007142244]
}
