{
  "k": 0.804416304800126,
  "p0": [-1.29534346429721, 0.5050217973606],
  "q0": [1.25432677235554, 0.244374510318308],
  "star": [-0.786443261220358, 0.154919505405835]
}
