{
  "k": 0.0360279346438903,
  "p0": [-0.0467889791154056, 0.355909006841981],
  "q0": [0.955577303199025, -0.0391193058096037],
  "star": [1.03635227139799, 0.436664434550577]
}
