{
  "k": 0.451239590441148,
  "p0": [-0.179481464367281, 1.21467193413609],
  "q0": [0.439370531346723, -0.789534727609458],
  "star": [0.504992920924409, 0.149771421253461]
}
