{
  "k": 0.132419417889367,
  "p0": [-0.705882102089088, 0.488078712461809],
  "q0": [0.940731900297976, 0.163941730378378],
  "star": [-0.0606234752710247, -0.506096934596729]
}
