{
  "sigma1": 1,
  "sigma2": 0.5,
  "sigma3": 2,
  "y": [-2.88294261590791, -0.962888468874084, -1.34950385555616, -1.41529776773816, -2.06874454942566, -3.43808349753218, -1.7810245271129, -2.64864747254406, -2.10297975530028, -3.93500424399456, -2.40439346657863, -2.73020441899033, -1.17571271795657, -2.26499730840611, -2.39575329663104, -2.11514764874663, -2.6340383285742, -2.96173760678553, -2.70478096065162, -2.74841518981201, -2.56208742621012, -1.1425980513803, -2.40904465760301, -1.56107250378663, -1.4308149229777, -3.59097092945556, -1.52449068656455, -1.36700804363267, -2.30683225468517, -1.30321783294053, -1.77339748780239, -1.57920955993748, -2.12908440924465, 0.215092728913731, -1.38456921115185, -3.20335828927014, -1.4332320689403, -0.253431994617799, -3.70862914717401, -2.94639305454874, -1.89853234488595, -1.34198539950138, -1.5334546505898, -3.13982350065406, -2.01261050700504, -0.526778647778918, -1.25502244236251, -1.60752105179293, -2.16148430946191, -2.33243365130835, -3.91709473135548, -2.87453360813787, -2.14168688785627, -2.43977807694475, -4.57039985836035, -2.23629420104839, -3.98568285537353, -1.76872633336122, -1.87171526154073, -0.887812184781459, -1.20712603860231, -2.12297308740182, -0.454628111295107, -2.38544334232505, -1.20408924380368, -1.68804197030727, -1.89694695470617, -4.63105189884878, -1.53887734125806, -1.85648935531119, -0.210913452323626, -3.48637827447434, -2.81113911494884, -2.97382630320453, -2.68590806476932, -1.94322538947341, -1.24104036437021, -1.80509238887061, -2.30548439285721, -2.10893909905543, -2.47847276393089, -0.925280833136618, -3.57755478301285, -2.99418923058113, -2.04112152600867, -1.25031999866816, -2.62579273879161, -2.89236563560029, -4.44605514952055, -1.3796463142307, -2.12528643411981, -3.34313918583256, -1.35769367436558, -2.62642692901197, -2.7441893596156, -1.59212676699027, -1.72026611135059, -3.46658223874438, -2.29184658028491, -1.94158861049212, -1.29878840046244, -1.17271904558453, -2.94929059441942, 0.255051147228424, -2.87123076321526, -1.00633368289704, -2.54071324947808, -2.88526661282146, -0.596289913151353, -1.27739780724406, -1.66322238479613, -3.55078758367818, -1.97276482856476, -2.040151916375, -3.29996402164261, -2.16596682862716, -2.97311715799098, -2.53743925603443, -0.942160429998281, 0.125244164938788, -2.02693668653534, -0.837727810048187, -1.24738794583212, -0.844387384227788, -0.756587726664102, -3.13121951133814, -2.25698671892863, -2.82836982112086, -2.89027678489336, -3.06349655356101, -4.16517658459451, -2.60565793205185, -1.13370085949515, -2.41388059005352, -3.52186899730115, -2.92750814368136, -3.01670524047341, -0.337989700686307, -2.745590367354, -3.51150524548506, -1.78707982561103, -2.41688133612993, -1.31845661900444, -2.77550628429093, -1.9828867025912, -1.26959745914398, -2.56835373816879, -2.81831286333753, -1.72330134437787, -1.5446672661307, -0.633190827844571, -0.853044746439371, -2.94313791814218, -1.94209803662258, -1.67031851074112, -1.25860494201027, -2.60452059866765, -3.58741371871978, -1.7540881215213, -1.19185507469704, -1.57429306113724, -2.17578164106362, -2.02597659704473, -2.26554100731107, -2.92620538771367, -1.21376573389977, -2.76056707345005, -2.97786282685549, -1.86254885793694, -1.92165058005336, -1.40151589289496, -3.77884003667655, -2.30174600219584, -1.38263469868213, -2.12335442801991, -1.75747635027619, -1.17859157141593, -3.44784076653822, -1.30759280498046, -0.994426632554893, -2.17571660713423, -0.569037698175949, -2.74959685048611, -1.12726491833381, -2.24973633662628, -3.56717280639336, -1.75722377575963, -0.11862999871701, -2.15352378857118, -1.45220354552495, -1.46976775044539, -1.26778731456558, -1.72415798860177, -0.735328711297351, -2.07332144188589, -1.40315266994379, -3.17090525680042, -3.18436280162811, -1.92706296359944, -2.01222827857255, -1.72991649370749, -1.77166147269026, -1.73636646316321, -1.85958498278334, -2.99550310851649, -1.57784203310175, -3.17085026746747, -1.01646600955154, -1.52018557475487, -2.63625069769896, -3.21485495699136, -3.58532821112482, -0.0630986435789354, -0.729477088380178, -2.17766297161994, 0.217638186364017, -2.14271852948812, -3.23976815570463, -2.80743431271582, 0.466911869677273, -1.59854728791516, -1.00851999266752, -1.2022484266815, -3.13389068251376, -2.59099551696235, -1.2344112303294, -1.32482413885208, -0.837900669662012, 0.140756879013933, -1.86394735796461, -0.707716537485626, -2.14674204050172, -2.15641889079115, -1.67465023444623, -0.646310951989407, -0.57798705044214, -2.80646995175684, -2.03950346956899, -2.64780711075624, -0.993795905940928, -0.912938754104068, -3.22896941895136, -2.93010140962432, -0.764952852558512, -2.11893185719705, -2.16079913161726, -1.74498441916913, -0.716023897898623, -1.37954587264275, -2.76583503518774, -0.648061062912012, -2.97133512691683, -3.02521089205191, -2.17817485861357, -3.26689574969648, -0.52937904655473, -1.16714278818524, -1.87712801837284, -3.93482013809323, -2.91155465029379, -2.17099907625732, -2.34957771506119, -2.22013486909154, -2.36753434339407, -2.91306674035344, -3.45594451951209, -0.234173694063593, -2.96784246097356, -1.83664953147149, -2.07340900807829, -0.86882040263332, -1.56943890613075, -2.92056485667187, -0.803326484896158, -0.701889979341181, -0.0421856134930558, -1.9671089818086, -1.78915210126433, -0.0534032929526276, -3.47669768275545, 0.0441408443629001, -1.10994977983451, -1.0622790993895, -2.53472686535839, 0.488719775405427, -0.798113159829373, -0.548024081264854, -2.98538470566492, -1.10632163978075, -0.076038858646716, -2.11419238305269, -2.42690307423261, -2.67168263524437, -2.10255346921809, -2.23798209286383, -2.621911068441, -1.6260673283148, -0.890645502038824, -2.00119110060243, -2.11154860594665, -1.81052580781122, -3.33637400473346, -2.98370728446049, -1.62407793022865, -3.19257892311865, -0.465419992748123, -1.2668306773416, -2.48586247177305, -0.00496620883211873, -2.65199275228934, -1.07867440065665, -0.386999661343181, -1.42464481534861, -1.74637787911458, -1.63014266748769, -1.91111624032569, -1.5839549246375, -1.66337827365286, -3.15062439763502, -2.61193945408633, -0.798867006753848, 0.047523520822879, 0.515350562357996, -2.03419355325068, 0.0309890410827358, -2.76454024238584, -2.8479297714797, -0.539777501950035, -2.22821967899596, -2.29133976002819, -0.967749312973186, -2.35854032979227, -2.09963491393011, -0.868567188374571, -0.942751981230619, -1.38850890337013, -3.38812606266149, -2.58238469049898, -1.92631600908173, -3.78713716499719, -1.05207063169558, -0.625737333416011, -0.486959782588314, -1.4454314126883, -3.49956672875719, -1.86428214677895, -1.2011669909348, -1.39126153112711, -0.19957521361626, -0.706750404251607, -0.978784716251899, -0.288877200185316, -3.62156345449933, -2.77930393343041, -1.61645546315111, -3.27784630538333, -3.03121289485388, -3.10154745721243, -1.1364822332486, -2.11006357599372, -3.01349373766461, -0.992307783194115, -3.16506233656346, -1.45672820183343, -1.26749953264158, 0.664444556659994, -2.12280644486338, -3.27116906902512, -2.52168019743615, -1.00158767458067, -0.943851115331667, -3.00161958656825, -2.93144179324706, -1.1957949725928, -1.11431347681938, -2.03923530521442, -1.48076053602348, -0.968922305975727, -2.19360880921219, -3.1503340886139, -2.01639771682285, -3.5579596013181, -0.933990802449914, -2.07617648095511, -2.29918352988071, -2.64701847890456, 0.0153205832998569, -2.72620161843227, 0.0750075917825295, -0.92742773101612, -1.18548721583703, -2.80988749477787, -3.23966158934661, -2.64680134638169, -0.266407814104557, -1.34858580603463, -1.67887845422513, -2.26165915987025, -2.77730634140481, -1.63972280052396, -2.67913937952878, -2.6419145154086, -2.95238855234645, -2.35197190655562, -2.96548396286125, -0.511496514824123, -3.48340530280086, -2.14791018493995, -2.91233580208098, -2.67088345371283, -3.025266373302, -2.8671646765559, -2.11837496698789, -0.285612125982473, -1.9692407781478, -2.76520252136882, 