{
  "sigma1": 1,
  "sigma2": 0.5,
  "sigma3": 2,
  "y": [-1.8803522488385, -1.69058162230866, -0.901802374773704, -2.73085087556442, -1.30098857154123, -1.4489667674971, -1.31470624872846, -2.80146094583874, -0.89173959137541, -1.88098344466703, -1.21911740544264, -2.9225666137072, -3.23304197199907, -3.33648223320067, -3.34387370096644, -2.00331438699178, -1.28941639199932, -2.72809359519426, -1.9525421853297, -0.981626957600013, -1.73195914574667, -1.91412754297334, -1.98411872392164, -2.77156813845172, -0.980862887710577, -4.31763074632291, -4.92844971859612, -2.58384808557859, -2.86821276285033, -0.532526249585903, 0.191385767460991, -0.970197508787454, 0.263704171108226, -5.15614593639522, -2.19834656558537, 0.575920345503524, -3.91640897516793, -2.10550091208413, -0.36021783613496, -1.82110397645916, -2.65927849453328, -1.8592090850318, -1.57747720269626, -2.62048439498931, -0.199465261162524, -1.98097531169459, -0.448014358337108, -1.76112736637869, -2.85735981761961, -1.42802236643072, -1.51924679057217, -2.51614107761486, -3.69330376966079, -2.43394118845517, -4.15929768544343, -1.54536419148087, -2.72351897015147, -3.08281531129725, -2.80419254930536, -1.27796554133734, -3.37779963424192, -2.78886062084085, -0.91310435995646, -4.842355150535, -2.45277234356701, -4.54218689160038, -2.60099661463568, -1.82974170955234, -2.18148360945408, -2.2865488948182, -3.2396179828211, -0.523215302116231, -2.23279538835549, 0.0739336898204641, -3.10182020649717, -4.58652171854241, -2.7697315212754, -2.30404796699329, -2.42037017450813, -2.23938565212746, -1.15889192333132, -2.11178718404449, -1.77712675535826, -2.27960197304697, -2.41167063079746, -1.92844205405863, -1.83821913127066, -1.64625820726954, -3.60861718684673, -1.78979343102134, -3.19901898018351, -0.59304398132454, -0.752024562609777, -1.37665165953695, -0.84202362544013, -3.57458227403298, -0.717106373277668, -0.749541662227584, -1.71342444084992, -1.51513048206816, -1.41601667169714, -1.89469532551101, -2.99856118022759, -2.96126219423401, -1.82436094179187, -5.05345713891179, -0.878919745859334, -0.153987112217783, -2.35288592428139, -3.97092291342583, -1.38894730656725, -0.815580024483058, -2.79400699924104, -1.66299082517653, -1.39946996021422, -2.12903382530522, -1.56958231515316, -2.38632702103063, -2.71429303048922, -0.0260360742185828, -1.87507133531507, -1.25893331526802, -3.89016656837019, -2.66757918501405, -1.24454793587668, -2.78222721405229, -1.7633320968824, -3.44220147350152, -2.93174873889006, 1.02001358592204, -2.64864339272601, -2.26046786969629, -2.24466821922187, -0.83086292114744, -1.24927545378151, -1.55774600879833, -1.02819571037524, -1.95677747777727, -1.99445975804918, -1.53764376636101, -3.08955297439567, -1.87094620499909, -1.61918198515875, -1.53128816774961, -1.71211397231528, -1.69292796427554, -0.651635005641414, -2.90801227931673, -3.10562039015094, -1.77948349715451, -2.68751726390993, -1.85416664072004, -1.44520714013081, -3.44629426961197, -3.56004176785394, -2.3474974472656, -0.431491523208616, -3.29406071438947, -3.93464566319862, -2.60750882038532, -1.96747642460822, -1.03036056986089, -1.38063550454796, -3.30236745428962, -1.25759368300758, -1.16325202024573, -3.53963366661518, -2.51842950165765, -1.39352673334079, -0.738157080108047, -3.84171452149997, -2.02121448811626, -2.9784126393793, -0.559759977783639, -2.28856937995241, -1.46607824826276, -1.12262774706181, -2.00011917369676, 0.183093062946816, -3.55055933456414, -0.342875484952498, -1.55791343341013, -1.44499703615483, -2.51630194863068, -2.25346997492665, -1.83264541800318, -3.16807628939154, -1.68931914374206, -2.86657442339857, -1.34069634948482, -0.896946976350997, -1.45991638027369, -1.96402590046193, -1.27228617225316, -1.45143618305404, -1.76167914840486, -0.0606196729968353, -1.77702741961529, -3.5852713185186, -1.43913925606134, -2.20662524641242, -1.42278767262616, -2.07249037624278, -2.66373300496648, -2.47397903900427, -1.14924239869735, -2.17927898552453, -0.496919279685263, -2.62643733150616, -0.972551637192336, -3.68139822980535, -2.05480686177315, -0.964871962646109, -1.44027054666168, -3.08117887347553, -2.82136492871807, -1.42428791999391, -3.4245675264722, -2.33339727297679, -2.5933123671792, -2.33472887484513, -2.74413375073318, -2.11336817040507, -1.43600134443059, -2.53818842500212, -3.78537349451348, 0.0514650002578318, -1.83820531923405, -0.304665309134171, -2.95983064845378, -4.02145334304456, -1.0570013430598, -3.54116160106281, -0.1859242567248, -2.53724563237509, -3.84001936746732, -1.96279611603208, -0.455548653773201, -2.74075265390935, -1.59757056251758, -2.98201351952581, -2.70126808504868, -1.88796679657826, -2.16525245544063, -1.16614787640733, -2.08785167182642, -1.02195906555988, -3.60316238718066, -2.91524984005876, -2.03759992895599, -3.79786400963418, -3.95769935437674, -2.13605944493956, -0.609200111524381, -1.90030765912892, -2.61622331828356, -0.304375078367126, -2.71798872579289, -3.15677338299724, -2.9954550418849, -0.507343366340117, -1.08986576091044, -1.93428323059729, -3.55582621071116, -0.76195065997592, -2.23825886761556, -0.905823172306297, -1.88006253378848, -1.10424952025934, -1.34360502944316, -3.67091283627769, -1.17902441876453, -2.66495009733742, -2.14539167099508, -1.91872288633825, -2.15730353535495, -3.16407723349683, -0.962240473774691, -3.57299489545731, -1.78780962967597, -1.81140222547602, -1.67514055994771, -1.72990579175871, -2.57732907635271, -0.832841199293933, -0.758913044557114, -0.702521811408054, -2.75938889352243, -2.41578310250378, -2.79155518054594, -1.7166834920163, -2.01431899550145, -3.05018072464685, -2.76640605445833, -1.35753563858489, -2.17213734537446, -1.87057660719351, -1.58108874716599, -1.63643279175952, -2.63689760007085, -2.97121486711679, -3.80581052060042, -2.51295975044989, 0.828213180265762, -2.8087649477768, -2.96872845158451, -2.38363973476773, 0.425357181363895, -1.68943012499903, -1.75130755485025, -2.87317293449996, -0.39413804871644, -3.40194633206192, -4.56683870851577, -2.12564007135193, -0.876457099656066, -2.74578732694057, -0.734147256879896, -1.04423109557517, -2.92707867274194, -2.6244994783952, -1.18435215402685, -2.5361396645229, -1.78144205926531, -1.9769714738262, -4.02659767299595, -2.04485139492218, -1.01358271382468, -1.45937366120559, -4.07380401226778, -0.668823737985901, -1.95500937793411, -0.66054691193847, -2.31407738490413, -1.09963509848144, -0.786315345904983, -2.58619697066067, -2.06788179680863, -2.331601351105, -1.46392085092441, -1.58576603261095, -3.76545751966933, -2.65086965689521, -2.96124443603342, -0.798060545104356, -1.29363894097065, -1.87207220406215, -1.80255989083544, -0.995676875643446, -2.98063122882789, -2.38718578496033, -1.87629969399436, -2.07647541881837, -1.88156504527569, -2.35908335529779, -2.88587093993865, -2.34486057974402, -1.29224771845433, -1.72994057683795, -3.63428125846516, -1.08723793189877, 0.123500709214138, -2.14762478930624, -1.65896962394455, -2.63276088075313, -2.00106545225678, -1.32659341034777, -0.824699037730824, -3.36943422227258, -3.15753747820567, -3.52509993645091, -2.59737483176936, -2.59784433057487, -1.98486506976806, -1.68010556778554, -2.24768504396613, -1.06211803374156, -3.03733010872457, -2.02892455704809, -3.44114698443701, -3.90777902209802, -3.08413687048852, -2.04422429927887, -1.53984137997807, -4.44428988925774, -3.16751710790095, -1.57067829868663, -3.0933579384506, -1.77347874933309, -3.34427190671233, -2.2899338334151, -2.13005418536146, -3.17153962018528, -2.60692710695935, -2.19388878771936, -1.55005431230631, -1.73091013521024, -0.276193269644003, -0.231197867730554, -2.69628079234533, -2.28193027694284, -1.72413569855138, -1.6648996495198, -1.68119387789662, -2.24272725337503, -1.69383471210158, -3.01599473240977, -1.98114633832007, -1.28341010276543, -2.55964008917061, -3.33783537315617, -2.01158510208349, -4.43929214975695, -0.97305242781039, -2.30661744956945, -2.82017852720833, -1.1034201339375, 